Unnamed: 0,review_id,pseudo_author_id,author_name,review_text,review_rating,review_likes,author_app_version,review_timestamp
2178382,43590656-0c01-4043-888a-4d4e204f6b61,286672493461804565546,se*********nt,Excellent,5,0,8.6.0.830,2021-02-17 13:43:53
1512086,2ff705da-3353-46b2-a7ca-c36a59230fdd,198854073242550875507,A Google user,I love it because √¨ts the best music app and it's not confusing to get in,5,0,8.4.91.861,2019-07-11 18:51:10
2286625,e02fd55a-aa44-4412-806e-61666e9ac351,113152780804500214351,Ak*******ha,Langganan Premium lewat jalur student nya ga bisa. Padahal udah bayar dan sudah ada notif kalo langganan. Tapi akunnya tetap tidak berubah menjadi premium. Costumer service nya juga sudah dihubungi.. Im really dissatisfied and disappointed with this experience üëéüëé. So sorry I'll give you 2 star,2,0,8.6.26.897,2021-05-18 14:39:44
3327629,c9db7e5f-5a1b-4a30-b4f9-b31c6d5904e1,320551089909703276509,Ma************ri,I have been using spotify since 3 years but now it has crossed it's limits with this premium things like you can't even play a specific part of a song and can't even listen the playlist in orderr like really... I'm done with this app now,1,0,8.8.80.599,2023-10-27 03:37:26
462041,417402fa-3312-4cbc-bdd1-8514fea4425a,178015082224395034187,A Google user,I can find all my favorite songs and more!!!,5,0,5.5.0.653,2016-08-05 05:24:35
565254,cbda2475-0d96-4065-ba94-4096ea55fe47,459700353936572729989,A Google user,Fine all what i like,5,0,6.9.0.1212,2016-12-13 04:34:12
3102014,aa534953-b18e-489d-99aa-a2592703193e,560471108170833505020,Be************nd,Great application i love it so much,5,0,,2023-07-04 12:36:43
2255642,0aaec48c-dca8-48b6-8f57-d7ecea7be7b0,122170145855301261403,La********.D,I love this app but everytime I wanna play my song it plays a different song I I hate when it does that and it is starting to freeze my phone so I'm deleting this app,2,0,8.6.20.1063,2021-04-21 13:52:28
1727652,a2981ff7-7d95-4c34-a518-e4452c66f01a,133151038356925860571,A Google user,PP,5,0,,2020-01-12 01:59:33
6971,a739a6d8-1b9a-4d51-aa76-a3175b47a033,224462250197283814404,A Google user,"i love this app like a love song baby. a very good app indeed. great job. and to those who downloaded this, lets SPOTIFY!! awohoooo.",5,0,1.1.0.113,2014-06-17 17:12:13
682927,7cd9591e-3bae-4819-98a5-1b466b08798d,283249777545212781790,A Google user,Was class,4,0,,2017-04-10 13:24:15
1928708,3ed8b6aa-e1b3-4a18-8ccc-aa360579ee67,258198997915701742068,LE****ER,–ü—Ä–æ—Å—Ç–æ –ª—É—á—à–∏–µ,5,0,8.5.66.1002,2020-07-15 09:40:05
832330,6898994a-094d-47cd-b7bf-d5329e6f3193,129748848833765069400,A Google user,The best formee,5,0,8.4.18.743,2017-09-14 22:52:15
3083147,4a8cd444-3a4e-467e-bdd8-8a76b51ef068,159942554453307177347,Am**************ur,"After last update Can't even play songs in playlist, it just randomly cue songs. What's the point of playlists then ???Last update completely messed up the user experience. Uninstalling this app",1,0,8.8.44.527,2023-06-16 04:37:00
2509134,2068990a-8713-42d6-a9ca-56b0d0c320d9,221787223156846646799,Aa********am,"Crashes my huawai mobile and prevents the Android operating system from entering App management until I restart. Works ok initially after clearing data, but soon goes back to stalling and extreme slow responsiveness. Finally can sometimes play audio which will is not stopable, even after I kill the app but swiping it up. Very poorly programmed. Updating regularly make no difference. Oddly the same issues occur on my windows system, indicating systemic programming issues. Aaron.",2,13,8.6.82.1113,2021-11-28 11:23:23
1583662,8640cdf9-b488-460c-bbcd-4934d3184787,191965800734921069672,A Google user,Spotify is all that..and more.,5,0,8.5.9.737,2019-09-03 12:19:48
1519722,75c37c3e-d86d-4840-9055-8644458020eb,256303387990590928454,A Google user,App has got worse not better. Can no longer shuffle all songs which if you're driving is necessary so you can steer. Takes an age to deselect liked songs. im leaving premium after 3 years,1,0,8.5.14.752,2019-07-17 11:59:08
197508,b55d2df7-42d5-4186-81ad-adbe55539ef4,277894319232598378370,A Google user,Its cool but what about the search option....,3,0,,2015-06-28 14:41:40
1527253,d10be8b3-4a9c-400f-97d8-b15df04d8c0f,280381339292978188043,A Google user,Excellent App,5,0,8.5.14.752,2019-07-23 03:47:51
1719030,c9b5f6c0-9671-4816-8d58-55f1cb8ad866,637518786722194744805,A Google user,Easy to find song.,4,0,8.5.36.747,2020-01-04 08:40:27
896405,28cb793d-6145-4d91-bfef-3f4fdc0b4654,322656800510775433201,A Google user,"It plays music, most everything I want to listen to, at $5 a month with a student discount. That's a pretty good deal in my book.",5,0,8.4.28.875,2017-11-23 11:25:17
2219251,06eb2207-91c8-4eaa-a67f-332ebcedb18a,938286102964804144807,Ha******ua,"Dude I just got 5 ads in Row I had the dollar shave club, tiktok, Visa, Alexa and a spotify ad",2,0,8.6.8.1094,2021-03-22 05:34:58
392200,756fa023-cb64-46dc-ba43-c20a014e8bf5,767047440445681876015,A Google user,It's a great app for what I need. Download music from wifi and play it later. Great stuff..,5,0,5.2.0.885,2016-04-30 12:26:20
2811603,322741b0-8504-4bf2-9eb9-7bdf17df690e,168852519352173068224,te******82,Y'all took away the hey Spotify feature. Why would you do that? Now I have to look at my phone instead of telling Spotify what I want to play while I'm going down the road. You did it to sell a piece of hardware for 50$ and mount in your car. Just bs for removing that and then charging people for something that worked just fine with out the $50 hardware. Disappointed gonna go to Pandora and see how they operate.,2,0,8.7.56.421,2022-08-17 06:45:43
257958,42836822-0482-4150-a98f-24b34252f4d1,326854188275025631970,A Google user,"I was hesitant about Spotify, but it's a terrific app for getting a huge variety of music.",5,0,3.7.0.833,2015-09-27 23:45:34
1264912,109c33af-1b8d-4758-a00e-fbe07f8c8ed4,334573608586682383170,A Google user,Very useful and no problems with anything.,5,0,8.4.84.874,2018-12-27 16:06:26
1653192,e1f2fe18-40ce-4977-8c04-a5aebe569a52,153495521757775246402,A Google user,Music the best ever,5,0,,2019-11-04 20:45:46
365910,5cbafbb8-c104-41a2-8dd3-01444762c205,265912512052599897426,A Google user,Awesome,5,0,4.9.0.992,2016-03-25 02:58:36
3040953,2db30477-a85b-4281-a1a3-36d3088d7ae4,465773711926235461733,c****a,Awesome,5,0,8.8.28.409,2023-04-30 08:52:18
2636060,dd758df4-7db1-4c92-b21b-5a30ab76d8eb,163162349272836689572,Li****************ez,This app kicked me out while listening to music. It's asking me to log back in but it's not accepting my login information.,4,0,8.7.8.1206,2022-03-08 18:52:05
1796128,a083aeb6-a2a9-4a4f-afd1-95053caab2b6,215098151090613366555,A Google user,"All around, one of the best apps to use and an essential top 3 app that you must have on your phone. Out with itunes and in with spotify. Thank you guys!",5,0,8.5.47.1006,2020-03-22 19:10:13
2707726,7641001b-38d2-48d9-915e-9012fc08629b,297415212827552609523,H****a,Me when not Spotify: üíÄ Me when Spotify: *ascends*,5,0,8.7.28.1217,2022-05-08 02:33:19
788633,14eb4d6c-f2fc-4619-babd-e9b544c5b0ab,214474673768063841678,A Google user,The student price makes spotify so worth it!,5,0,8.4.9.271,2017-07-29 01:50:18
1983517,64992275-f919-4f3c-b072-eb8ccd32b3df,229155325610908710682,Je*************th,This app just takes the Mick tried listening to music but randomly keeps stopping for some reason it's a terrible app,1,0,,2020-09-01 23:45:34
966256,880f15dd-2ca6-45d0-a002-09395d3d72cd,103512045187982345272,A Google user,Love best app I ever got.,5,0,8.4.39.673,2018-02-07 22:14:59
933161,03836537-3ae5-4c77-a092-b60f5a93f7ae,159648272237673246492,A Google user,It certainly has music on it,5,0,8.4.32.623,2018-01-02 02:10:40
487003,fcf127a7-0bb9-411f-a96f-7b10ec827a63,130222419473341815349,A Google user,Awesome variety of music and some music I've never heard it's a fantastic app,5,0,6.0.0.864,2016-09-06 04:57:32
1264647,3578ac4e-3918-47a2-aff2-ad97308ae745,203804089165269335037,A Google user,ONE OF THE BEST FOR EVERYTHING I WANTED TO BE IT'S LIKE I SHOULD STAY A GOOD FOR EVERYTHING I CAN MAKE MY MUSIC IS IT ONE IT'S I WANTED TO BE IT'S LIKE I EXPECT TO BEHALF OFFER AND DIVISION TO SEE AND THEN MAYBE A GOOD FOR EVERYTHING OK KOOL üòé,5,0,8.4.84.874,2018-12-27 06:45:54
437287,e177ff07-5d18-418e-9fd3-eaf3aa46411d,280257838919377641338,A Google user,Despite the frequent freezing. I am disabled and this app is disabled user friendly. Thank you.,5,0,5.6.0.701,2016-07-02 21:49:37
1343692,3a6fb49d-664e-493d-bbdc-d16c9b9fabb3,294493819054274097582,A Google user,yass yass yasss yasss,5,0,8.4.95.785,2019-03-12 13:51:41
836679,cc05395f-1f21-4246-9605-0769c0c7ecb7,368813645696473290380,A Google user,It is the worst because it won't  let me save music,2,0,8.4.19.792,2017-09-19 20:19:44
640812,4381373e-6b69-47f8-9166-4cacf38c6c60,125310835024158362574,A Google user,I really love Spotify,5,0,7.6.0.1219,2017-03-01 15:36:04
2141853,0927b629-bd44-43d8-b8b2-d1579df26f7a,285681664825285925406,Je*************no,I just love it bc I can listen to my fav artist,5,0,8.5.89.901,2021-01-13 04:52:14
1283667,aa20bffa-fc6a-4576-b2b2-ee8af9a25d60,133414414939575574764,A Google user,love this app it's te best great tunes all the time !**,5,0,8.4.84.874,2019-01-18 19:45:59
3110292,bdf99a0b-d3a6-4b5c-9167-23a4cee436b1,334704970886086108241,Mo***********************hi,Fudu app ga ye,1,0,8.8.36.522,2023-07-07 01:22:13
552268,561ad21b-90ff-44b0-9d3e-64e72c096447,138750048888547483434,A Google user,Too many adds and premium is too expensive,4,0,6.9.0.1212,2016-11-28 20:53:11
3187876,d3ecfba6-8227-4811-919b-83377abb3953,104122394527873884938,Du***********re,Way too many advertisements.,2,0,8.8.56.538,2023-08-06 20:07:05
2827569,c94daf00-418c-41d8-bb1f-f90cabc7a374,238838779002610009302,Ch******po,Ads are irritate please stop it.,1,0,,2022-09-02 14:06:26
1111867,cbcb5d3e-6f14-4906-97ab-6604ac8a5c63,310951855471953479361,A Google user,Very good,5,0,,2018-09-19 18:01:43
1024306,3b9f99c3-1cdd-4f98-8354-02e591300605,292985627392608132562,A Google user,"Quick, easy and reliable",5,0,8.4.49.462,2018-04-14 22:12:55
1897939,f29538dd-5151-4ab8-b31d-40ce93340f88,144318147772959458200,Ra**********av,Good app to listen our favorite songs,4,0,8.5.62.904,2020-06-19 03:47:30
2192181,95ff6fc5-e17e-4131-a21f-101717ca66de,284623387912328810672,Wa***vy,Bring back our korean music's! I subscribe to this monthly and I demand to have it back.,1,2,8.5.94.839,2021-02-28 23:03:15
1351494,9ad44da2-a12b-4e36-bd67-b4e93cdb3144,229252303555226475499,A Google user,rlly good but needs wifi,5,0,8.4.92.949,2019-03-15 19:47:22
1683167,cc639522-66f7-4d07-b30d-c38f67a02ff5,260258940828374709633,A Google user,Nice aap to find all type of song,5,0,8.5.32.889,2019-12-03 02:53:23
2735133,85d925da-3ade-45be-8839-be641bb342fe,460558472414278026324,An*********am,Love it!!,5,0,,2022-06-03 17:27:09
3237582,6349682a-4aea-41c1-914b-10ee444861ad,952765352264332495303,Re******na,Good mix combination. I loved all the songs played. Keep up the good work. Amapiano 4 life....,5,0,8.8.70.532,2023-09-18 18:42:27
1169583,23f2d1ea-0133-4a83-a893-35d6ebf4ec3a,320776574695785265427,A Google user,Spotify is good. You can listen to any song,5,0,8.4.74.463,2018-10-13 10:26:26
676554,b6302c1f-0597-4010-a3b5-6a9b284f9575,116920466362425861491,A Google user,I think it is great because it has all my favourite songs.,5,0,8.2.0.788,2017-04-04 15:16:24
740203,763ce69a-2a31-410c-86e6-12b68c4c8fcd,601037367404599101495,A Google user,"Good enough, taking into consideration when it is free.",4,0,8.4.3.479,2017-06-09 09:46:47
874349,b09e2796-d4c8-4e15-911a-c92d9e058112,748732881929020292415,A Google user,In love,5,0,,2017-10-30 04:51:46
202997,0e5483ad-370a-488d-99e5-c1d08c55bb25,469044196328058512859,A Google user,Rock 1960-1970's,4,0,,2015-07-18 05:20:56
1784538,aa29ceec-6737-4e32-9b4d-8646f6096007,249619444383333815256,A Google user,I've had spotify for 4 years and I dont think I'll ever stop using it 10/10 ‚ô°‚ô°‚ô°‚ô°,5,0,8.5.48.1049,2020-03-11 04:22:40
187919,8c963da1-62ba-40de-9c0c-f121fdbf23a2,975911227503619964773,A Google user,,5,0,,2015-05-19 20:54:01
3311428,fe57c28e-0220-45c6-81d8-b27a68373868,167455408317697825465,Md*****an,"India me iss app ko ban Kiya jae please our pm I request you, Ban this app",1,0,,2023-10-22 03:05:14
1115292,811e7960-e6bd-448d-b04c-4176c7b0e49d,321876836302971135103,A Google user,It's pretty glitchy everytime I just switch Wi-Fi networks it tells me I'm offline I have to uninstall and reinstall just to get it to work,3,0,8.4.72.845,2018-09-27 16:57:28
2371301,873cbd69-7efd-4264-b6db-7b95eded9b73,203855392669670144194,Ed*********io,Great experience,5,0,8.6.48.792,2021-07-29 19:53:10
1799493,dfac403a-35f7-499d-9537-a3b0a66229d8,282046412353529469932,A Google user,great and I can lisen to some of my fav songs with no wifi,5,0,8.5.50.916,2020-03-25 20:01:24
1255668,e1f886be-f32a-48e3-90ca-d423e9263258,181177226610852526629,A Google user,The best!,5,0,8.4.84.874,2018-12-16 17:19:02
3291627,53645ac0-a756-4417-b9c7-5fb40f4079fe,110414964479013633693,Ta****************ar,New update suckssss!,1,0,8.8.76.667,2023-10-17 12:36:34
1855639,253d7fb4-f825-48cd-8342-ff5308b2dabe,234031310244019465551,Na**********on,bettereaptal from ok..,4,0,,2020-05-14 01:53:34
3235773,e24349b1-5c4d-4373-a7d7-c330e8d87666,285338966989042894711,La***********ya,It's very good,4,0,8.8.70.532,2023-09-17 10:24:09
10306,c96625dd-2393-4164-8df3-971ece9cb998,252320320202075354500,A Google user,support Chromecast. üò¢,4,0,1.1.2.449,2014-07-05 18:09:48
2885149,8012e4ed-af61-4f20-b4f4-6b2ae3b9c511,224295861976231081390,Br******el,Unless it is fixed I can't not have it on shuffle it is tuck on shuffle,2,0,8.7.78.374,2022-11-06 01:14:10
497130,0e3056dd-7e19-4bf4-bcdf-56cb700bd3da,924472935155695966899,A Google user,This works really good and i love it it gives you all the song you like üëçüòéüí¢,5,0,6.1.0.1088,2016-09-18 18:07:12
332291,dc5a7b9e-8b71-4345-b132-4ffdda53aa9d,561475671071259007905,A Google user,Definately worth the monthly pay. Has every song and u can listen offline,5,0,4.5.0.820,2016-02-03 05:50:57
2602433,0240ce70-4dc9-499d-b011-5d46e481279b,155656993163509553312,An********no,good stuff.,5,0,8.7.2.1205,2022-02-09 01:54:10
2215355,ac374949-77ca-4a3b-b434-e9ab0e443dd7,561345061585447630608,De*****Hi,amazing i luv,5,0,8.6.8.1094,2021-03-18 23:14:27
1965056,98abd8d8-c72f-4faa-a1db-341a464b5149,180193283566000131579,Th************em,I've been using spotify for years with no problems but now it keeps randomly stopping and closing or generally freezing? I dont wanna be paying monthly for 20 seconds of a song before it freezes and I have to start the song again or skip it üòÇ,1,0,8.5.71.723,2020-08-16 14:38:54
3148688,2b16f381-308f-472c-8006-afbb71c8fbcf,178501093073298741835,Zu*******in,Because you are the people who disrespect our religion.,1,0,,2023-07-11 09:27:11
1156578,1f63cf22-472a-46b1-89ef-b26fff15ddcf,699127476706280335953,A Google user,Amazing.,5,0,8.4.72.845,2018-10-06 16:52:35
646911,3496d17c-767f-4ae6-a0fb-c7bd0ba014bd,274499133503130894683,A Google user,My daughter has spotify and Jove it  keep up the good music,5,0,,2017-03-07 05:19:30
3235144,5e01ba76-0047-4ba1-8695-a89ff391398b,208368785177234060730,SA********JU,Fav app. ‚ù§‚Äçüî•‚ú®,5,0,8.8.70.532,2023-09-16 22:05:09
170227,5a597aa3-a46d-4c72-b7fb-e2e1d9324be5,337059773356393995906,A Google user,Hope its free though.haha,5,0,,2015-03-07 13:29:41
2560783,13263868-54ce-4cf9-aab4-ffceacb35d3d,106896575384413942607,im******gm,very good music player app,5,0,,2022-01-09 08:58:20
1289438,fe058d1e-32dd-44e3-868b-b877d63c3c41,192132461441498716584,A Google user,good.,5,0,8.4.89.515,2019-01-26 02:36:47
663147,8b5d223b-7355-4473-a4b9-7ef803dc8499,317026216621808883183,A Google user,Use it everydayüëå,5,0,7.9.0.746,2017-03-22 22:48:02
1524553,c6bbc7f5-e0d6-4102-9f59-b4a05c5da44f,212323632666061152775,A Google user,"I'm enjoying it, thanks for the opportunity.",4,0,8.5.11.762,2019-07-21 04:15:01
2271377,b8bd83d6-83f8-400a-ad87-14dee86cdff0,103316586576502151055,Da*******er,"Was about to sign up, then encountered a screen where I was forced to enter a gender, which included ""non-binary"". Nope, not today Spotify. Goodbye. No more ""woke"" BS. Will never use or recommend your service.",1,0,,2021-05-05 14:50:52
1337380,6fc12416-20c3-400a-9040-d40453096b80,224082506389630617329,A Google user,musical,5,0,,2019-03-08 10:00:02
759962,8d157eef-3a11-4171-b407-2d8c25fb939b,124338727414141692389,A Google user,Fave songs at the tap of a button! Easy,5,0,8.4.5.1092,2017-06-30 14:35:44
1411587,344b84f0-bcd7-43cd-8a50-1eb95d8f227b,196318289827902773265,A Google user,great place to listen to music and go to different apps for free,5,0,,2019-04-23 23:56:23
722776,d8d5a906-687c-4bf0-ab04-5d88d73c5870,320746025354706509979,A Google user,I think this is the best music app ever I have tried others but it was bad.,5,0,7.5.0.1076,2017-05-21 20:49:32
2717332,13182c47-23b0-4497-a6fe-df4f8479fe16,850034582361059406004,Ar*****************za,Great App,5,0,8.7.26.901,2022-05-17 13:35:01
764976,f5f0092b-e1c8-41e3-8628-bcaf7eedc96b,169604662883861864010,A Google user,"I used to love this app, but lately  it will stop in middle of songs. üò°",2,0,8.4.7.1108,2017-07-05 11:15:30
1279826,b901544f-8846-4011-889a-589102d0db93,794257484041476501117,A Google user,excellent app‚ô°,5,0,8.4.84.874,2019-01-13 19:09:14
3292950,0f4c6f36-31ee-4651-92d9-fb6c338776f8,224199629018322915093,La**************ba,LOVE IT SO MUCH!!!,5,0,8.8.76.667,2023-10-17 16:35:27
474034,23c39fda-2e78-4b0c-8275-54bedb05833f,111069917982704800032,A Google user,"This app is simple and to the point. It's simple, and fun!",5,0,5.8.0.1029,2016-08-20 22:39:51
1207909,f170e6a0-11cc-4311-8144-284d632b3189,155160810613160335642,A Google user,I feel like its a good app to listen to music to if you dont habe the time to download song's.,5,0,,2018-11-08 04:23:52
1241875,5ec4a0a2-e8a1-4329-9710-5f8cd4bd01ea,306814309463434980047,A Google user,Its good,3,0,8.4.81.558,2018-12-05 12:53:29
2887930,86e7ca05-ec37-4af2-a4cb-31f34df4b729,318779415457052059013,Pr*************an,super,5,0,8.7.76.359,2022-11-09 04:47:43
404999,e1c98a8c-3427-46c4-b339-8b1be2762702,486522046762231050659,A Google user,It's a great music app. No problems,5,0,5.3.0.995,2016-05-18 20:08:07
1038000,8daa0fcd-e0cf-4f64-a84b-34fccb739244,203851455309414083975,A Google user,Awesome,5,0,8.4.49.462,2018-04-30 17:11:45
1617774,07296ce5-c958-474a-8205-bf315b26e8c3,906121039686608026156,A Google user,Great app,5,0,8.5.23.686,2019-10-03 13:39:59
2536181,bf2b31a1-7178-4a36-bdb2-a9a1df61b7ea,168519982828110474361,****,"good app, only place i listen to music. but there's so many ads, it'll say ""30 minutes ad free"" then after like two songs it'll play an ad. also if i use my six skips it'll play an ad, like what?? üòë",3,1,8.6.86.1231,2021-12-18 09:13:04
1656652,567aafef-9b20-47c6-9919-2f39fc0ab56a,189422613955924099990,A Google user,Awesome,5,0,8.5.28.985,2019-11-08 02:55:02
2972159,da44f5c6-8d80-40ab-a56c-bab9f8de1ba6,483244097037330567429,Mo**************na,I love it,5,0,8.8.2.434,2023-02-05 15:34:34
1377618,832cd28e-d0e7-4644-bd79-a6942d23a538,933205545586062069288,A Google user,in love,5,0,8.4.97.807,2019-03-31 02:47:38
307953,f731ee91-9226-471d-8cfa-45e9c473ce90,160567586523216677639,A Google user,It's so amazing,3,0,4.4.0.1008,2015-12-26 06:30:23
3224859,eca01eb9-3ad8-471a-bd4f-6b538f86ff6b,108717136780358682182,Ha****et,"Without shuffle played, üòû please manage this problem",1,0,8.8.66.563,2023-09-09 16:31:01
175367,2eb0152b-8756-45c9-8e96-03ce65520477,650941824223478604141,A Google user,"Its great, the only problem is it doesn't work without signal and needs premium.",5,0,2.4.0.815,2015-03-22 18:42:24
3046125,00628e24-ea48-4e10-929c-6841f7b027a0,336738414672715646977,Ra**********on,THIS REALLY SUCKED EVERYTIME I HIT A CERTIAN SONG It just changes to ANOTHER!!! PLEASE FIX THIS,1,1,8.8.28.409,2023-05-06 17:26:02
1484684,c81c3aab-298a-44d4-b30a-eb49544faf0a,317455969191844024720,A Google user,what the hell they made this app way worse i vant listen to songs i like terrible,1,0,8.5.10.774,2019-06-21 18:08:33
2222307,54c1c63c-3d87-4df1-bbb9-2c75f96b660f,188335917584891304368,sa**************ar,Just fantastic,5,0,8.6.10.581,2021-03-24 18:04:58
2722917,1ecac71e-063d-4665-9a62-a33fd2d2dd36,243485748682376261759,Bl****ar,THIS APP IS SOO ANNOYING WITH FULL OF ADSü§¨ü§¨ü§¨ AN POPS UP AFTER EVERY SINGLE SONGüò°üò°üò°,1,0,,2022-05-23 03:33:42
2242870,95b5b67e-2bbf-4878-96b1-3d0732fd7c3d,405832949630252963137,Em*****ri,Exellent but old songs are not available,5,0,8.6.14.975,2021-04-10 13:34:17
438252,ae272384-b6e2-4c42-8dc2-503842b3f668,106438500667943489737,A Google user,Perfect!,5,0,5.6.0.701,2016-07-04 05:31:04
3288390,4401211e-4395-4ee9-9362-e4c9a08fa988,209858423744740212802,Ja*******ar,This app 'was' the best app but not now cause of it's new update's,1,0,8.8.78.587,2023-10-16 16:41:57
952661,7583c6c7-d0f8-4ec6-9244-9bbe46fac2c9,337512435683530440583,A Google user,I loved it for awhile until all my playlists were stuck on the radio and I can't get it to change back. I'd love to be able to listen to the songs on my playlists again.,1,0,8.4.26.770,2018-01-23 01:09:05
1509387,0f7dd011-6038-4195-bac1-136b19740cbe,282189277804828737144,A Google user,yooo it's dope,5,0,8.5.13.53,2019-07-09 18:55:16
1392398,8fa11e9e-d1bf-48f9-8b77-f36a60400db1,203516658414309253044,A Google user,awesome,5,0,8.4.98.892,2019-04-09 16:56:48
3196735,82ac5d2a-3d60-4605-96ad-bd80a34fa039,326259652413098599100,Le**********ls,It wouldn't connect to the I ternwt for no reason tried everything just a goofy ahh app fr,1,0,8.8.58.473,2023-08-15 19:37:20
1949733,02fa3281-6aad-4839-babd-038018c52572,206145333921856522668,Sa*** H,"This is my go app to listen to music and podcasts! I don't have premium, so the reason I give it 4 stars is because I feel like with each update it's limiting free users more and more. I've been using the app for years so it's really disappointing to have the experience change so much. I'm sure the app would be a perfect 5 star experience if I had premium.",4,2,8.5.68.904,2020-08-03 02:38:32
1866877,72dd8175-9b6b-466e-b4a0-3f2e1d59b063,314623789903038620023,NA******IN,Please remove recently listened songs from home .... Please,3,0,,2020-05-23 07:27:07
2046676,8a94a2bc-e850-42ba-9002-3990eb1059f3,145044615582695538474,jo************te,"paid for it today , can't download the app",1,0,,2020-10-22 07:06:24
1569254,dad18398-d7dc-46e4-b6af-88dee3e33ff7,279568982459688078106,A Google user,Best app for music I've found yet,5,0,8.5.17.676,2019-08-22 19:06:09
685066,eea03c20-2c1c-4ce3-9f5b-b182890071b9,105594060725569322297,A Google user,Just love it!,5,0,8.3.0.681,2017-04-12 14:41:16
1168656,d4a8511e-8efa-4abc-b9cb-b0512ff277f4,167138709189646868736,A Google user,I can play the music I want when I Want. Top notch.,5,0,8.4.74.463,2018-10-12 21:51:24
2722924,83804a1b-54fb-4c3d-b4df-d34eec48469b,164558614643470706338,Sh************re,Nice experience while driving my bike with headphones üéßüéß very good man keep it up u r doing great job I like playlist about songs album,3,0,8.7.32.1554,2022-05-23 03:47:21
3034814,82885342-5b58-450c-8e93-d42c52557990,226685133241679422740,go*********ri,Useless app like crack,1,0,,2023-04-23 00:12:11
1604365,67d17744-aec1-4295-82b4-7bd03f24c4bd,212426687645313523264,A Google user,Its music,5,0,8.5.23.686,2019-09-21 15:52:17
163243,bd4065f2-7d9f-4df3-8bc3-1f717ad39c1f,234117057095701986117,A Google user,Love music,5,0,,2015-02-23 08:35:57
335555,39f894c0-9395-456c-b3aa-ec7aaf8fe5df,133254059615061621030,A Google user,Best music app!,5,0,4.4.0.1008,2016-02-09 02:56:17
2665841,f03d096b-b67b-4b20-85bb-ce712ca99843,294174909897502488045,–ù–∏**********–µ–≤,"Racist company, will never use their products ever again, keep following mainstream rusophobia and hate on innocent people and your long time customers.",1,1,,2022-04-03 12:18:27
3230365,1bfb0f6d-672d-4770-928f-3479f61b698e,192585917128667207702,Ma********nd,Great,5,0,8.8.58.473,2023-09-13 11:40:22
2381647,b57b4584-aeaf-4941-bbe7-2074b6a5f0a2,318397561591458724710,Th*****************re,Too much ad's,2,0,8.6.42.671,2021-08-08 17:13:58
54793,6f308296-c864-425c-b3b9-2a5af7858653,156168315823660529823,A Google user,"Bought premium, totally worth it. Such a variety of musics.",5,0,1.3.0.423,2014-08-26 00:21:12
1565881,9cf516c5-4711-463a-b525-dafe2ce2cca2,260014283617180047515,A Google user,Very nice app,5,0,8.5.18.934,2019-08-20 02:41:04
2773478,208de350-ba2e-4241-9585-a3abfb7888a4,195678128531314095356,St***ch,"I haven't been able to use APP in two days. Everytime I open it, it crashes and closes",1,0,8.7.44.968,2022-07-11 17:22:07
1936497,445bb162-4a81-4c62-abf9-25bb95c8928f,336177652275949298843,Ol*********en,Sort out your Sonos integration and I'll give you 5 stars. Looks like not all rooms/groups are not being found in Spotify but they are in the Sonos app. Other than that your discovery is brill as is the weekly update. Love the multi-user playlists too!!!,4,0,8.5.66.1002,2020-07-22 09:15:02
398388,03ed2580-307d-421b-92a5-b8f42bc41811,148254593314471446205,A Google user,To many ads otherwise okay,3,0,5.2.0.885,2016-05-09 05:03:36
1941515,9ffddbdc-afac-4460-9d3c-70ee45022911,210892657503763018900,Ba*****Dg,Mie fav appüòç,5,0,8.5.68.904,2020-07-26 16:40:31
3322301,4aba41a3-f8cb-4a6b-bd5a-80f9e49f0783,301256884672522066030,Pr*********ar,"used to be good , now it's a joke. I need to pay money so that I can just seek tracks? On top of the already irritating ads? Just for them to pay a mere penny to the artist? Hell nah , I'm going back to listening on some other platforms who aren't as greedy as Spotify.",1,0,8.8.80.599,2023-10-25 11:34:06
1414433,735a38a0-97f5-428c-9675-e1425315da51,266073504130940319426,A Google user,that spoitfy is the then other,5,0,,2019-04-26 04:01:38
1601308,c2ae080e-01c2-4719-8b5c-17604eb303df,101541792512374026488,A Google user,The best app for music! No complaints at all!,5,0,8.5.23.686,2019-09-18 22:20:15
2606963,0fb43384-b72d-4e02-b937-e39b2e179192,904735323181135624060,No***********re,"It aloud me to choose what I wanted to listen to before now it doesn't, while your at it make it so I can't listen to music unless I pay money, 3 stars only cause I have respect for the devs, but fix your app please.",3,0,8.7.4.1056,2022-02-11 23:56:49
2375471,87077250-57fd-46d7-bdc7-fef5f90e4daa,340038709453956954289,Ra*********el,Good excellent,5,0,8.6.48.796,2021-08-02 19:06:19
2834647,6fb1ca1f-6d5f-46fb-9e12-109cafa942fa,163465466626716719833,He********er,Ft,5,0,8.7.36.923,2022-09-10 08:42:04
1685524,3e991612-bcd0-4371-96ec-d781713de457,207453390009825971452,A Google user,Basically wanted an app to be able to listen music and have a list of my favorite. After few days of using this app is sending to me adds and suggestions for premium membership. I hate when they are so aggressive about money.,1,0,8.5.33.831,2019-12-05 11:00:06
1095119,494b86f8-dc94-4393-9e88-3df5f03ad171,380088205880087051638,A Google user,I like it,5,0,,2018-08-01 22:53:39
1013676,b03efcff-563b-4e2c-bcc2-88a1fe36c487,283057242705850675380,A Google user,The suggested daily players is incredible.  Not everything is to my taste but most of what it suggests is great :-D,5,0,8.4.46.575,2018-04-03 12:53:11
1999446,ab2877b9-4652-436a-b344-a165df3cb744,196330796143440326345,Va***th,Suddenly my spotify doesn't show the songs list in any album..i can only see the shuffed list.. please tell me what happened..and i updated Spotify today only..help me asap,4,0,8.5.75.766,2020-09-15 08:52:07
838300,00915eb1-281a-4acb-a24c-21d27d0dc664,188291671853732366509,A Google user,Perfect,5,0,8.4.19.792,2017-09-21 18:01:28
2990896,e21b6ebf-4821-4944-b7cc-57dc4d6c8008,931902953612473995570,Na*********av,Very good app,1,0,,2023-03-03 05:12:33
898423,fc00bb86-a365-49c6-8602-991ac4cdc08a,146747776716316133580,A Google user,Love it  Love it,4,0,8.4.28.875,2017-11-25 17:20:13
2522126,e44169d2-2821-47a4-a966-9dbd4b6abdec,327367632219015401502,Mi******le,I would give 5 star when all the artist will be available in India :/,5,0,8.6.82.1113,2021-12-06 16:25:07
3184932,12c34d9b-a093-4ff1-a4e0-f6b855ec5313,120123327944608217526,Ab*****oi,I hate this app i love üáÆüá≥india,1,0,,2023-08-04 04:14:28
3161154,880624a2-481e-4565-b275-a6ddba41e0ac,149477662474618891168,Sk*****sh,Kharap hain,1,0,,2023-07-16 05:41:12
2008879,cd8283bf-484a-43ed-9fe5-61a732295bcf,171179050999650079084,Da*******************IV,Awesome,5,0,8.5.76.962,2020-09-23 05:14:12
3021507,1f9c724b-ab94-45d2-8dea-83112f08c211,441571315832495410049,Sh********ll,The premium is Worth it,5,0,8.8.22.510,2023-04-06 23:50:19
96665,47c9154d-03f3-49ad-a360-b7fd0900fedc,142744418957676248364,A Google user,Have all my music in one place an easy to sort play lists,5,0,,2014-11-05 02:31:56
1486798,779edd89-e6b5-4492-99d9-fd28a5c0755e,123108766306953385587,A Google user,best music and easy to use!,5,0,,2019-06-23 03:30:17
1367047,b74c50da-39db-4162-9ead-8cad2d3e0e12,225667068021766899841,A Google user,great app use it every day for work.,5,0,8.4.97.807,2019-03-24 11:55:41
1578950,2f5a1cb1-a2d6-4913-983a-5e7c2042b7f0,336496839831575896352,A Google user,App is beautiful,5,0,8.5.17.676,2019-08-30 12:11:44
3185931,749c5c19-ce4a-4009-a5ed-d05488ffc411,147181191327495557073,Ja******ns,"Great for the most part. The ads are annoying, but you can pay for premium and they don't have some obscure Japanese music I like, but besides that it's pretty good.",4,0,8.8.56.538,2023-08-05 02:15:24
693907,8d9d90bd-75fe-46f8-8d02-57c49a9b46f2,713503712272576577355,A Google user,üòÅü§ó,5,0,7.9.0.746,2017-04-21 17:24:55
1522079,5243b9d8-4913-4bc0-b6a4-06f06f1ca25b,577711818340574899597,A Google user,expensive,4,0,8.5.14.752,2019-07-19 06:24:33
2897460,09c40497-e7fe-4e0f-849b-1ce4f05dbd23,100983507191042135994,Ni*********is,"Awesome, can find any music and podcast that I want... Good work team.",5,0,8.7.82.94,2022-11-20 01:53:48
982614,ffec7cab-10a6-43d9-bc02-46899b89f473,311436751625498931222,A Google user,Like it.,4,0,8.4.39.673,2018-03-01 04:37:41
3161628,1a346bee-2fee-48b9-800a-c9cd7bda8cb6,100402622659125982009,Sh*******li,Baycout,1,0,,2023-07-16 09:29:38
2461685,4ea65c43-c6ff-406d-8b7e-51e461693f29,203816274496313565873,ly*********nt,LOVE LOVE LOVE,5,0,8.6.70.1102,2021-10-18 06:05:09
2610166,8e6756ea-3eed-4d99-8101-ca516d3108c0,879129917254784320266,Ma**********ly,The best,5,0,8.7.4.1056,2022-02-14 15:44:16
2533642,582645b8-3f7d-4482-9789-88c635af2199,175247259056266479177,Eb**********an,Da best mehn ü§ôü§ô,5,0,8.6.82.1113,2021-12-16 08:41:51
148777,f9c3930d-077e-4931-824d-e5cc64ae626f,429124952940059736801,A Google user,"The music I want, from the artists I want. And discovery for the new ones.",5,0,2.0.0.702,2015-01-29 20:19:41
3103807,6eed96c1-fc50-4e68-b353-66cc4f6d5277,327608726713016786407,Ah******an,Useless useless,1,0,8.5.98.984,2023-07-05 11:46:01
1173497,a3682c06-5d34-48e2-ac5a-307f827dbe9e,276176283676564798058,A Google user,You'll get you want,5,0,8.4.72.845,2018-10-15 15:17:05
3044276,1b308a17-ea5e-4a8b-aae8-931bf2cbe2c0,182897031182453951962,sa**************li,Ito ay pinakamayasang pakingan lahat ng gusto kanta naririto ano pang hinihintay nyo spotify na,5,0,,2023-05-04 15:02:06
1982721,fa234d62-a61d-4b79-a910-989b2090750d,283795220156688645085,Ba*********nd,It keeps adding music to my playlists and it won't let me listen to anything,1,0,8.5.62.904,2020-09-01 08:36:40
2318071,4e10b596-54b1-4e60-b6a8-5b9a792840a8,232158715106993138226,Pi********sh,Nice!!!,5,0,8.6.32.925,2021-06-12 15:43:00
2037048,a55d39b3-df31-4d01-a116-ec7e2863280b,310071659692477540189,Pa***********ap,I love this app.üòä,5,0,8.5.77.1043,2020-10-14 09:57:37
3362639,294170b9-3581-4cb4-9ae5-bb7e7cdd1e8e,973568252779774928371,El*****th,Soothing,5,0,8.8.78.587,2023-11-08 17:43:22
1019139,fc9c1163-3459-49fd-a241-e8a30cea8171,634916984284039495895,A Google user,Perfect App! üòç,5,0,8.4.46.575,2018-04-09 07:12:20
601302,a2650137-45c1-41e4-b64f-520d097286b8,120549780962807224688,A Google user,This is the best app to use if you won't to let go of something..,5,0,7.2.0.1250,2017-01-20 01:16:48
1482746,1e7776ba-e6fa-499b-9519-007d846ad92e,183756490665687601766,A Google user,the best steaming music app ever created!!!,5,0,8.5.9.737,2019-06-20 15:25:18
2840799,f9fe98e4-5155-4f39-a845-fd6fa098bb9f,110470528138611857753,Ka**********hi,Best,1,0,8.7.58.461,2022-09-17 09:04:59
1089833,71d30ff3-0463-4900-b18a-ce47fb711ba5,241987408446009540668,A Google user,Bewildered notice,5,0,,2018-07-18 17:17:11
2728926,2f644a7f-0984-4a48-ab30-4be4b65cd892,209752467906159246722,ge*************os,This apps is the best when it comes to music,5,0,8.7.30.1221,2022-05-29 00:00:34
2592711,d199569d-acce-4054-9458-9c1a6fba35ed,255734792887946354044,Da*********ss,"Love this app, so easy to use and the discovery of other music and podcasts I would otherwise not be aware of is magic",5,0,8.6.98.900,2022-02-02 19:49:06
2455026,deb124a0-eea1-4a24-8524-52b4eefc0813,274812167322377383854,Je******************th,What is this advertisements ü§¶‚Äç‚ôÇÔ∏è,1,1,8.6.68.1225,2021-10-12 04:34:54
948119,bc11a55b-dbb3-436b-958d-b155e3e13aea,959179770822034376512,A Google user,It's great love it!!! Use during school all the time! Great for making you happy!,5,0,8.4.35.152,2018-01-18 01:12:57
1027834,19d529b6-8f79-4359-9797-e965f45516fa,283216334066916992922,A Google user,"I've used this app for years have had no problems only wish they would add 
as we walk its a small band and only can find them on YouTube but that's my 
only complaint",5,0,8.4.49.462,2018-04-19 05:17:31
925045,14dd888b-1130-454d-9587-1664a3d6e8c3,290983252162628687461,A Google user,You have to pay,1,0,,2017-12-24 05:40:06
1453089,28da1afa-07de-40ac-931a-4058e7479b9a,872769604969174058770,A Google user,ok,5,0,4.4.0.1008,2019-05-28 22:15:51
2503121,481e9975-cb64-482f-b2ba-605aae71e693,265943659737605884830,VI*************EY,Worst experience,1,0,8.6.16.1041,2021-11-23 11:43:39
957976,de36080e-1e24-44b2-86af-fadd48176c55,605545296820585883641,A Google user,Neat Its perfect for listening to music,5,0,8.4.38.621,2018-01-29 00:50:06
3071521,b91b244b-daa9-42e5-8625-e3040490b47a,160710876028960209553,At******gh,Worst apppp slalaal 10 bar registeration maang Chuka hai ek bhii bar na khulta hai totally bakwass,1,0,,2023-06-03 02:53:28
3349141,94ff938f-91b0-485c-8e89-fce43b2306f1,158909219492988023166,na*******bi,"the app was good, but too many ads. also, i can't see the lyrics, i've waited for days because i thought you're fixing something but until now i can't see the lyrics, it's annoying me so much. please fix this.",2,0,,2023-11-03 06:49:43
1146425,662931be-8e9b-4604-b001-a801b80db4a1,277118718881121301849,A Google user,Luv it very much,5,0,8.4.72.845,2018-10-03 01:20:26
2423921,b73bacf1-28ff-414d-b1d8-159c79d3512f,484877911569954053861,Je*****************ra,Great,5,0,8.6.60.1126,2021-09-16 00:18:12
185743,f2d76be1-1a47-4e4c-b804-95ca7c7a5d89,100203542186792028297,A Google user,Its cool but it a little bit of slow when you download it,5,0,,2015-05-09 19:17:45
2188562,80d5d695-b201-4daf-bd32-1083e5eb377a,337246049568021696413,Sa******di,Thank you for Launching in Nepal. üá≥üáµ‡§ú‡§Ø ‡§®‡•á‡§™‡§æ‡§≤üá≥üáµ,5,0,,2021-02-26 02:49:24
2952809,587de244-15a3-43d8-a599-fd1a47746ca8,164662182630587409274,De***********ar,Good,5,0,8.8.0.347,2023-01-15 12:30:43
1807205,db769e86-9d0d-4579-a389-63e4578b780c,324334528900628773176,A Google user,I like it,5,0,8.5.51.941,2020-04-01 10:36:33
2442642,267979a8-e292-40fb-8687-8ca6088372dd,299725780529820743423,Tr*********do,"If I like the app, I'll raise the rating",5,1,8.6.64.1081,2021-10-01 01:20:12
1664202,978ab442-d917-46fd-969a-34e353608ac3,251786081459037184375,A Google user,This app would've been the best music app if there weren't any suggested songs. The suggested songs they choose are the WORST and it's very annoying when they play more than the actual playlist. Another thing is when they add songs to your playlist and those songs are really bad too.,3,3,8.5.31.676,2019-11-15 04:49:31
1591302,d5fcadd3-aeeb-4c59-b959-95aa769c88e1,236255941076236075593,A Google user,AI love listening to old favorite music.Very enjoyable and entertaining.,4,0,8.5.20.857,2019-09-10 01:27:45
2866089,3fa8ed07-52c3-4e3e-bfff-cfdb4c5d83cf,293164038991496898740,Ro***************od,Recommended app to listen to your favourite music!!!‚ô°‚ô°,5,0,8.7.68.568,2022-10-15 15:25:45
1726600,2991ed71-42dc-40f5-908e-043d2606bef9,318475470929770258137,A Google user,For me its the best out.,5,0,8.5.36.747,2020-01-11 06:45:20
783647,7a4fa240-916b-4a29-b488-7cb12be4552f,843665367066847349391,A Google user,Best damn music app,5,0,8.4.9.271,2017-07-23 21:12:49
2436841,6a8a4391-2ffb-4299-bc8f-a980578c7263,271982613829074424357,DE*****YT,Spotify is only ads no songs. don't waste your time & data guys I didn't not desire to give an one star,1,0,8.6.64.1081,2021-09-26 02:39:32
189085,1e59a81f-7146-4828-b7f1-1f1cc9e6b9e4,347281609143678607281,A Google user,"Whenever I look up the song,just give me the top songs of it don't give me playlists,albums and artist",3,1,,2015-05-24 02:18:54
2892079,4d68639f-1203-4f06-b0e4-21a8c1950b24,302189303198547064494,No**********do,Very nice üëçüôÇ,5,0,8.7.78.373,2022-11-13 17:23:00
1009764,b52f133b-eb36-4f49-87a2-843304a69d38,131540840987681347706,A Google user,"Changed the way I find new music, replaced all music players on my phone and pc",5,0,8.4.46.575,2018-03-30 11:55:59
1182246,eeee7ecc-282d-490c-b7d9-df2c68c6bb45,114150038597090585036,A Google user,This app is an asome app but the only thing I wish this app have is where it can be use without the internet connection of WiFi like Google music...,5,0,8.4.75.670,2018-10-20 15:51:37
957577,fae06749-22c8-48aa-bee7-d8b99ccf0e2a,330335153378715950469,A Google user,"I love the app, but there are a couple of songs that aren't on here. Other than that it's one of the best apps for music",5,0,8.4.38.621,2018-01-28 15:21:49
3121826,17ed2ce0-48e0-4d40-a6fb-81eeddbc0310,975335522473649692681,Sh********ar,Hate this applicationüëé,1,0,8.8.50.466,2023-07-07 17:55:16
730399,2deb425e-c14b-4100-8fe8-7b75849a20e1,856729725680036788034,A Google user,I really didn't want to pay for something like this but it is definitely worth it I should have done this a long time ago,5,0,8.4.3.479,2017-05-29 20:40:22
1501658,9507289d-3071-47a3-9e68-c17b4a624e17,141974130187452698102,A Google user,"very unhappy with the new update! unable to shuffle all songs and unable to see a clear history of played music! you didnt have to do what you did, you fools. *updated still unhappy. now to realize im unable to successfully use my phone to connect through xbox. it wants to connect but is unable to play what is currently playing on my phone. it used to work, you know, before the update.",1,1,8.5.12.758,2019-07-03 22:57:45
1400640,5737518b-e8ac-4654-a7f0-3af4a5ee4127,189412262974568445006,A Google user,Best music app out there.,5,0,,2019-04-15 04:51:21
1185288,643e40c7-b532-4f1f-bf9c-1458ef5e9710,280815159088278586076,A Google user,I love it and it is a great way to go to sleep at night,4,0,,2018-10-22 11:18:36
2725951,727f69d6-03c1-4e38-b035-dde9b6a24f86,169391409968799830865,Ad*************es,Good,4,0,8.7.10.1262,2022-05-26 08:16:34
1550282,011355bb-2328-4137-a0ff-7f14da03cca3,154592005063440429932,A Google user,This is the best music streaming app. Thanks for making this app the best it could possibly be. Looking forward to more future improvements.,5,0,8.5.17.676,2019-08-10 17:39:54
3311315,ce6d897d-09b0-467c-b5d2-cdfd0ca408ab,209147492090315801709,NE***********MA,Tffea,4,0,,2023-10-22 01:54:52
2320741,7aac572f-6ef2-44af-bab9-681f7dc1eeb3,137892598792526797675,Mi***********er,Super great!,5,0,8.6.26.897,2021-06-15 02:20:26
1255638,e29b3677-53d4-4c81-b21b-7f33ace4bb39,205969943453582615260,A Google user,Simply the Best,5,0,8.4.84.874,2018-12-16 16:52:55
2525020,697b800b-31d4-4d12-93c6-89e6202910a8,102982434038705264024,Ki**********er,Super all songs are given,5,0,8.6.84.1240,2021-12-09 04:16:40
110035,d91b4fa5-b522-4aeb-adb8-91b320f8dd96,209271942072926608349,A Google user,My music when I want it &lt;3,5,0,1.7.0.830,2014-11-26 19:48:40
3375357,2723c06e-95fe-4010-9638-b1a95ad18974,784445975826188968228,K ********an,Very good app,5,0,8.8.82.634,2023-11-14 19:00:55
2699355,9dedd2fd-ebc3-45ea-91f2-58f7948252b4,284538502211736797208,We************on,This app is so good,5,0,8.7.24.1111,2022-04-30 00:07:08
605584,ed09a256-329f-4ad2-bca3-fd0c70045d9c,253402333523559359021,A Google user,"I've been subscribed to the paid version for a few years now. I couldn't imagine not having it. It's like any song I hear that I decide I like, I already own. If you love music you won't regret it.",5,1,7.4.0.1799,2017-01-24 04:20:43
2154649,814525a9-0175-4f61-8231-47946ff5aad6,220151334563732230077,Ad*******in,Fabulous,5,0,8.5.94.839,2021-01-25 12:25:01
3278638,d87509e6-4f14-44be-a8e0-99e0e68e9e8c,808103634809173980647,Sh***am,i love this music player but i delete this because new update is worst no basic fature,1,0,8.8.76.667,2023-10-14 08:29:35
2246939,7583e017-6132-4587-b51e-212650d7880b,317512967340068460625,Me*********ra,Nice,5,0,8.6.12.986,2021-04-14 00:24:51
1866210,e65fdcd7-5e35-4c7b-ad6b-aec2fdedf444,301631489551313442533,li************ns,"It has music between ADS!! Forcing us to buy their premium options. Well, sorry! This is hateful.",1,0,,2020-05-22 18:20:44
3250802,3eaa92f4-63c7-444d-abd2-6608f845771e,325121767422992007350,Dr***********on,"Spotify now keeps playing songs I have not liked in my liked songs. I do not understand how they continually break this app. Can't even listen to what I want to when paying for it! There are alternative services that will give you your freedom of choice back, time to move! Update: I don't see the need ti contact customer service when the issue has already been described. You are welcome to forward the information to the customer service team.",1,12,8.8.74.652,2023-09-28 17:26:46
924279,c1d9ad3c-00a5-4f92-a1c6-08248829bbf4,280510383260635666408,A Google user,Esketit!!!,5,0,,2017-12-23 14:10:12
1288473,9b58aacd-16d0-4346-98fb-beea954efca2,321148287762092408527,A Google user,why does it not work when not online even if i downloaded my library,3,0,8.4.90.722,2019-01-24 23:27:51
1796577,4442c49d-cfd5-4feb-9a69-971fb874e37c,136179302903058754133,A Google user,Now I think it has reduced mucic quality Please do something I like Spotify sooo much I Don't have any other music appp,5,0,8.5.49.973,2020-03-23 05:00:18
642735,11242cf6-fc42-4c36-9fff-6bf08f8c8413,245591532521222268030,A Google user,I use it everyday! But some music isn't available and I still think the price if using it is too expensive for what it is,5,0,7.7.0.1179,2017-03-03 11:11:32
2752540,00b54eb9-3807-492f-975b-c04a3883516c,149547140092474916400,Ot************nd,Good,4,0,8.7.38.670,2022-06-21 00:19:03
1018984,6c4ef01b-a381-4fe0-ad45-69263d7d459b,150088729596545960921,A Google user,"Everywhere I go, I got spotify to tag along with. Perfect for everyone who mostly go alone.",5,0,8.4.46.575,2018-04-09 02:12:25
434594,2f683a9f-b942-450a-b147-1cec9100dd73,135189097895126133798,A Google user,Worth the money to get premium!,5,0,5.6.0.701,2016-06-29 14:36:27
2730450,d87c203a-2bec-4daa-b1e6-5f08d1fa11e3,150872419427137544824,ta****am,So good can play the music all the time I want ‚ò∫Ô∏è‚ò∫Ô∏è,5,0,8.7.34.1312,2022-05-30 09:48:42
1892773,06f87c3c-5a09-4bc6-ae29-e38cab3f978b,667255397847505772111,Ma***********ri,Deep,5,0,8.5.58.954,2020-06-14 08:55:32
2856957,1791a0b2-6de0-49d3-8065-7a7e5ab9e62d,159597861503591237734,Sa********je,Perfectüî•üî•,5,0,8.7.64.478,2022-10-05 07:04:06
2245227,379ae1d8-ec03-45c1-9909-57aae7a72372,969839253546037539707,ha*******ir,Unbeievable collection...,5,0,8.6.16.1041,2021-04-12 13:31:28
1421095,319d3d5a-fa9a-4729-bd8d-551057553f4c,157550158788373480174,A Google user,I love it for music but do I need to get a premium account to upload? Also is it just for music?,5,0,,2019-05-01 20:23:37
187190,38f5ebf1-0a5f-4e67-8d44-57fa5df80ab0,700329974809146557204,A Google user,Love to make play lists with an awesome diversity of different music,5,0,,2015-05-16 15:43:05
1472584,8275ff1a-f6e0-4528-8207-d4dbcc0cf75d,264091913422444379651,A Google user,gooddd,5,0,,2019-06-13 14:52:29
3067369,899c5ffb-529c-45e9-887b-0aeb0ffe6049,218309527223373345132,Ni*******il,"Opvivek ,,,,,,,,,,,,,,,,,,,,,,,,,,,,,",5,0,,2023-05-29 18:39:27
1309024,7c3a72c0-5c4b-496e-9b8f-29b2a07c97bd,311198242108169398145,A Google user,we are farmers,5,0,8.4.92.949,2019-02-15 21:02:58
2863997,8ea8bf29-f723-4d80-9ee2-e0e0781d88fd,272962508440851061506,g***D,Improve your shuffle for god's sake,1,0,,2022-10-13 08:43:49
2026681,cb0619bc-741b-4ea9-be04-64a3a97be867,223259306363638945259,Na*********ey,Awesome,5,0,8.5.78.909,2020-10-06 15:41:15
516478,7269e029-04d4-40d9-84be-1aa9f3839a31,280701689261898796468,A Google user,It's great to have a themed playlist and to be able to see what's on it before committing to playing it.,4,0,6.2.0.1028,2016-10-12 12:20:48
783033,d42838f2-3d10-46b8-ac66-e1ab95749609,609143400572617771358,A Google user,Good country stuff,4,0,8.4.9.271,2017-07-23 05:22:21
812110,777f1377-29eb-466a-ba81-c2e294b3f62d,921690372469669285184,A Google user,Love this app!!!!,5,0,8.4.11.1283,2017-08-21 18:26:07
2529750,87a4fa3c-3cc5-4e9a-a807-ac20621c2f74,269881505009000141551,Ki******am,It just gets me,5,0,8.6.84.1240,2021-12-13 00:17:38
3317303,852c6650-11e2-40d7-9599-948e00f7c909,707340679621201731912,M·¥ú*****…™·¥ç,Too mAny adsüòêüëéüëé,1,0,8.8.80.599,2023-10-23 20:16:37
2723301,29c7ec2f-2a7c-47c5-a946-e756381acdc0,125455761509825765890,Mo*********in,Met all my expectations,5,0,8.7.30.1221,2022-05-23 13:39:06
613102,8ad88d6f-726f-48f7-98ee-745aab4f2913,249313467044019500409,A Google user,It's Awesome :),5,0,,2017-01-31 12:25:33
2222022,cf6a6c43-69d9-4918-8ddf-a14a296148b6,766010326722654130450,Su********ph,"My app won't open ,would love to listen",5,0,8.6.10.581,2021-03-24 13:06:49
185321,20428212-0b2e-4547-8ebb-9708e8fa77e2,103085644600023504809,A Google user,I luv it cuz Spotify is the real deal...like  on SoundCloud u only get like fake versions of the song u want..but with Spotify u get the real song and u don't have to struggle to find the song that u want to listen,5,0,,2015-05-07 20:56:59
1162620,478e32a9-4b9b-4358-85ef-8f0ff5746e07,176470218268349628268,A Google user,Hello my name is jeff,5,0,,2018-10-09 16:02:01
2048196,3aa11ef0-bb14-4dae-a334-c79445020b77,847680603331488948993,Vi************an,Very very very very very very bad player,1,0,8.5.81.991,2020-10-23 13:07:56
1367479,c58b984c-6869-4ced-b3b5-830138db1df9,218231331802912116770,A Google user,Superb!,5,0,8.4.97.807,2019-03-24 17:13:32
149213,92d3ba5b-ee1c-4e75-8200-48deab00609a,169899455053961540897,A Google user,Great layout and settings,5,0,2.0.0.702,2015-01-30 14:17:39
1536926,762401d4-27db-4c71-9aa1-ee549d139597,178427481002949021857,A Google user,The best,5,0,,2019-07-30 17:31:15
3350551,51f86e82-1869-4b9e-aeab-30da39e9ce22,232438246883760669226,Vi********nu,Only subscription gives the basic features of a music app ..so this is a bad app ...please reset and unlock all features to normal user's too,1,0,8.8.80.599,2023-11-03 16:32:01
2878811,dc68240f-d42b-4cbb-8f8a-73825a2c19cb,369843687640200888781,Jo*******ts,"Why can't Spotify figure out how to shuffle? It seems like such a simple request, but the algorithm has me listening to the same 10 songs for all eternity",4,1,8.7.78.373,2022-10-29 21:36:55
1490507,4cf63843-631d-4bd5-a390-79197adc4459,313169391426139737323,A Google user,great,5,0,8.5.7.999,2019-06-25 19:15:05
2709660,e8b37528-dfa6-41b7-9869-00b831324a1f,454267543089219902054,An*** E,Love it app can outside anywhere,4,0,8.7.28.1217,2022-05-10 01:35:32
382495,1c12426f-5e2b-41c4-bb6f-e1b3b9851b63,295284544439155559100,A Google user,Awesome,5,0,5.1.0.849,2016-04-16 19:16:23
689284,27f3dafa-f2fb-4829-b2af-e54cad30e0b4,801622374815125023508,A Google user,"Excellent, I made my own playlists! Even a collaborative one with friends from school!",5,0,8.3.0.681,2017-04-16 19:30:38
2774026,bd6cfbe6-eff9-4f63-a92c-9bdc7f205ca1,363712206047538507865,Aa********ed,Good,5,0,,2022-07-12 06:51:30
1284951,b09aaea7-c02b-4ca0-a5f4-df0429620a0f,242264213397803813229,A Google user,awesome,5,0,8.4.37.587,2019-01-20 07:46:25
1867312,7d93ce86-bb34-4224-941f-e10631bcfd38,231871163945691590669,Ch*********gh,Out is very good,5,0,8.5.56.1186,2020-05-23 15:36:55
1097704,15387bc0-fa93-435a-a605-1ebb677b94eb,244037476496062438222,A Google user,"Honestly I'm switching music apps. This one you cant chose the song you 
wanna listen to and you hear the same ad 6 times in a row it's annoying",2,0,8.4.24.871,2018-08-09 16:00:08
2934285,3e33e50e-af21-43b6-b148-9358b400be6d,279548098453643608110,Sh*******iz,Good üåÉ,5,0,,2022-12-25 11:46:49
1056883,f6a5183b-2bd0-44eb-b242-dda2f74ea8cb,350431331274637816080,A Google user,"Great app, but got recently problems with using the searching in playlists. 
I can search songs in playlist, but when I select one, Spotify plays the 
song on that spot without using the searching.",4,0,8.4.54.536,2018-05-23 13:20:08
356553,5a1b259a-4e99-4627-907a-e873186e2d7c,115515813482533420501,A Google user,I don't know what happen but sometimes the music will stop playing and wouldn't start again till I press pause and play again,3,0,4.8.0.1004,2016-03-11 12:55:05
2324790,eb8648b3-97a2-45d4-905d-9067947ce9a7,279669933588080956002,Je********ia,Amazing,5,0,8.6.26.897,2021-06-18 12:40:00
2788560,71cde86b-6ee8-4360-815e-7c227d5c7fd6,691808553457921730713,Al*******es,"Mostly good but it uses a word that I don't want repeat to describe R&B and Hip-Hop in at least one playlist name. Edit: they've changed the name in the one I saw, but it's still in the image for the playlist Edit 2: Plus it's called ""Room 2"" ‚Äì I can't find a ""Room 1""",4,0,8.7.48.1062,2022-07-25 13:32:32
311352,9362db84-6603-442e-9c3b-5f55e0a42993,939825851589553882099,A Google user,ITunes can suck it.,5,0,4.4.0.1008,2015-12-31 17:38:49
3154648,6bf18077-6e1f-4888-acac-066d7d176dfd,110947292969185638305,Sa********en,"After installing the last 2 updates, I am not able to sign in. My password is correct but it shows something went wrong always. My Internet is also working. I tried sign in through email link that also didn't work. Spotify always has been a great app, it's the first time this is happening.",1,0,8.8.52.458,2023-07-13 09:44:24
588580,1a5a4c83-55bc-4d17-aa6c-b5c3e0cb0314,227573427354867676689,A Google user,I can't complain,5,0,7.2.0.1250,2017-01-06 19:04:32
1557745,874e0790-b5c0-4767-88e7-9f45950ae8e3,804679765701447252944,A Google user,"Where's the widget? Also the lock screen player is gone. Love this app so much, please bring them back!",5,1,8.5.18.932,2019-08-14 19:36:08
1397526,d12f90fa-c2f0-4f06-b210-37843ec151a6,253798341909230202030,A Google user,pehle istamaal karein fir vishwas karein üòãüòã,5,0,8.5.1.734,2019-04-13 01:50:04
1049248,c6090e5c-6cb1-4a95-abf1-b33989e30934,174223187312011757872,A Google user,"The new update is HORRIBLE. You can't listen to specific albums anymore 
without paying $10 monthly and the music selection is very limited.... So 
disappointed because this was the only app I liked",1,0,4.7.0.878,2018-05-14 22:41:54
448049,5cb9ffc2-093f-4f4e-bdfc-5b55ea5a53c4,287141540361600039960,A Google user,It freezes in the middle of every song on my galaxy edge,1,1,5.7.0.781,2016-07-17 15:16:10
358746,61524b0b-676a-4345-a79c-93d79bcd9256,325630481615044805977,A Google user,Have listening to Spotify since they started. Keep up the good work.,5,0,4.8.0.1004,2016-03-14 19:18:40
942881,d228b9fa-0bfe-47ff-97de-16f1133e0c3b,229868863648034956794,A Google user,Awesome app.. Very useful for music lovers..,5,0,8.4.35.152,2018-01-12 12:47:05
894072,4c371e6c-a3d1-4dda-8e4a-2f3ff9e8598d,193734174579198052433,A Google user,It ok. but I want listen 2 device in 1 account.,4,1,8.4.26.770,2017-11-20 21:12:15
2283005,ee07a304-874f-4671-a29e-0f6eae884e8a,961062194752792190856,Ke*********or,"Galaxy S8, Android 9: after a while, after 30 minutes Spotify stops playing and it's needed to restart, and only after couple of minutes again and again. I have reinstalled it already. Any ideas?",4,1,8.6.26.897,2021-05-15 11:30:46
2520871,2de7b678-53f9-45dc-a221-b7023e4e5803,233768942670808521390,Ke**********ca,so good,5,0,8.6.84.1240,2021-12-05 16:16:28
318398,6cfba70a-0251-4ee9-a805-e107c9556b58,334149178876238612326,A Google user,Good app,1,0,4.4.0.1008,2016-01-11 12:45:10
1496352,baad7a80-4112-40bb-ba48-6da2062746ca,604235808061043790343,A Google user,Spotify is a great app to listen to music,4,0,8.5.11.762,2019-06-30 02:59:11
1012607,344ec40d-bdb0-46b2-a26d-e3f0a9bb3359,122759442641914980441,A Google user,Awesome program works really well,5,0,8.4.46.575,2018-04-02 09:32:19
1947643,c45be91c-d7ff-4218-b80f-3a5c88107732,289986853803107735536,Cl********no,satisfied,5,0,,2020-07-31 23:31:33
144430,b0d7639f-c472-4bd7-8b42-bbb119202df0,109869363373907721006,A Google user,Works Great,5,0,2.0.0.702,2015-01-22 18:09:44
2472456,0986eaf3-5ef2-40b5-9db2-a5b0b94ad6fe,212722249232397260085,pa*********da,Always great,5,0,8.6.72.1121,2021-10-28 04:13:12
217470,a293619f-bfcc-4ee3-b368-44e2b777f1ff,276474989776390599674,A Google user,Offline mode is amazing for when I have no signal,5,0,3.5.0.963,2015-08-28 14:11:39
